{"cameraMode":{"drawMode":0,"name":"Shaded","section":"Shading Mode"},"sceneLighting":false,"audioPlay":false,"sceneViewState":{"showFog":true,"showMaterialUpdate":false,"showSkybox":false,"showFlares":true,"showImageEffects":true,"showParticleSystems":true,"showVisualEffectGraphs":true,"m_FxEnabled":true},"in2DMode":false,"pivot":{"x":-19.3547420501709,"y":19.72205924987793,"z":60.319557189941409},"rotation":{"x":0.007825353182852269,"y":-0.7115705013275147,"z":0.0040640998631715778,"w":0.7018202543258667},"size":2.1386945247650148,"orthographic":false}