{"cameraMode":{"drawMode":0,"name":"Shaded","section":"Shading Mode"},"sceneLighting":false,"audioPlay":false,"sceneViewState":{"showFog":true,"showMaterialUpdate":false,"showSkybox":false,"showFlares":true,"showImageEffects":true,"showParticleSystems":true,"showVisualEffectGraphs":true,"m_FxEnabled":true},"in2DMode":false,"pivot":{"x":0.02461879514157772,"y":1.0515966415405274,"z":-0.028636937960982324},"rotation":{"x":-0.1822603940963745,"y":-0.0008602566085755825,"z":0.00030062644509598613,"w":-0.9831234216690064},"size":1.449487566947937,"orthographic":false}