{"cameraMode":{"drawMode":0,"name":"Shaded","section":"Shading Mode"},"sceneLighting":false,"audioPlay":false,"sceneViewState":{"showFog":true,"showMaterialUpdate":false,"showSkybox":false,"showFlares":true,"showImageEffects":true,"showParticleSystems":true,"showVisualEffectGraphs":true,"m_FxEnabled":true},"in2DMode":false,"pivot":{"x":2.1755850315093996,"y":1.063254952430725,"z":-0.10054188221693039},"rotation":{"x":-0.1822603940963745,"y":-0.0008602566085755825,"z":0.00030062644509598613,"w":-0.9831234216690064},"size":1.5876097679138184,"orthographic":false}